,Country,Relative humidity (%),Unnamed: 0,Publication (Citation),Data contributor,Year,Season,Koppen climate classification,Climate,City,Building type,Cooling startegy_building level,Heating strategy_building level,Age,Thermal sensation,Thermal sensation acceptability,Thermal preference,Air movement preference,Thermal comfort,Air temperature (¡C),Air temperature (¡F),Outdoor monthly air temperature (¡C),Outdoor monthly air temperature (¡F),Database
0,Denmark,43.7,26855,Indoor Climate Survey at Esperg¾rde Gymnasium. Master thesis. Technical University of Denmark. Departmentof Civil Engineering. 2012.,Pedersen and Toftum,2012.0,Winter,Cfb,Temperate oceanic,Elsinore,Classroom,Naturally Ventilated,Mechanical Heating,,-1.0,1.0,no change,more,4.0,19.7,67.4,0.8,33.5,Database 2
1,Denmark,39.1,26856,Indoor Climate Survey at Esperg¾rde Gymnasium. Master thesis. Technical University of Denmark. Departmentof Civil Engineering. 2012.,Pedersen and Toftum,2012.0,Winter,Cfb,Temperate oceanic,Elsinore,Classroom,Naturally Ventilated,Mechanical Heating,,-2.0,0.0,warmer,less,3.0,24.0,75.1,0.8,33.5,Database 2
2,Denmark,39.3,26857,Indoor Climate Survey at Esperg¾rde Gymnasium. Master thesis. Technical University of Denmark. Departmentof Civil Engineering. 2012.,Pedersen and Toftum,2012.0,Winter,Cfb,Temperate oceanic,Elsinore,Classroom,Naturally Ventilated,Mechanical Heating,,-1.0,0.0,warmer,no change,3.0,23.4,74.1,0.8,33.5,Database 2
3,Denmark,41.0,26858,Indoor Climate Survey at Esperg¾rde Gymnasium. Master thesis. Technical University of Denmark. Departmentof Civil Engineering. 2012.,Pedersen and Toftum,2012.0,Winter,Cfb,Temperate oceanic,Elsinore,Classroom,Naturally Ventilated,Mechanical Heating,,0.0,1.0,cooler,more,3.0,23.0,73.5,0.8,33.5,Database 2
4,Denmark,42.5,26859,Indoor Climate Survey at Esperg¾rde Gymnasium. Master thesis. Technical University of Denmark. Departmentof Civil Engineering. 2012.,Pedersen and Toftum,2012.0,Winter,Cfb,Temperate oceanic,Elsinore,Classroom,Naturally Ventilated,Mechanical Heating,,2.0,0.0,cooler,more,4.0,25.2,77.3,0.8,33.5,Database 2
5,Denmark,46.2,26860,Indoor Climate Survey at Esperg¾rde Gymnasium. Master thesis. Technical University of Denmark. Departmentof Civil Engineering. 2012.,Pedersen and Toftum,2012.0,Winter,Cfb,Temperate oceanic,Elsinore,Classroom,Naturally Ventilated,Mechanical Heating,,1.0,1.0,no change,more,4.0,24.1,75.3,0.8,33.5,Database 2
6,Denmark,45.3,26861,Indoor Climate Survey at Esperg¾rde Gymnasium. Master thesis. Technical University of Denmark. Departmentof Civil Engineering. 2012.,Pedersen and Toftum,2012.0,Winter,Cfb,Temperate oceanic,Elsinore,Classroom,Naturally Ventilated,Mechanical Heating,,-2.0,1.0,warmer,more,3.0,23.0,73.4,0.8,33.5,Database 2
7,Denmark,45.3,26862,Indoor Climate Survey at Esperg¾rde Gymnasium. Master thesis. Technical University of Denmark. Departmentof Civil Engineering. 2012.,Pedersen and Toftum,2012.0,Winter,Cfb,Temperate oceanic,Elsinore,Classroom,Naturally Ventilated,Mechanical Heating,,1.0,1.0,cooler,more,4.0,23.0,73.4,0.8,33.5,Database 2
8,Denmark,45.3,26863,Indoor Climate Survey at Esperg¾rde Gymnasium. Master thesis. Technical University of Denmark. Departmentof Civil Engineering. 2012.,Pedersen and Toftum,2012.0,Winter,Cfb,Temperate oceanic,Elsinore,Classroom,Naturally Ventilated,Mechanical Heating,,0.0,1.0,no change,no change,4.0,23.2,73.7,0.8,33.5,Database 2
9,Denmark,40.4,26864,Indoor Climate Survey at Esperg¾rde Gymnasium. Master thesis. Technical University of Denmark. Departmentof Civil Engineering. 2012.,Pedersen and Toftum,2012.0,Winter,Cfb,Temperate oceanic,Elsinore,Classroom,Naturally Ventilated,Mechanical Heating,,1.0,0.0,cooler,more,3.0,24.3,75.7,0.8,33.5,Database 2
10,Denmark,38.5,26865,Indoor Climate Survey at Esperg¾rde Gymnasium. Master thesis. Technical University of Denmark. Departmentof Civil Engineering. 2012.,Pedersen and Toftum,2012.0,Winter,Cfb,Temperate oceanic,Elsinore,Classroom,Naturally Ventilated,Mechanical Heating,,-1.0,1.0,no change,more,3.0,24.1,75.5,0.8,33.5,Database 2
11,Denmark,35.3,26866,Indoor Climate Survey at Esperg¾rde Gymnasium. Master thesis. Technical University of Denmark. Departmentof Civil Engineering. 2012.,Pedersen and Toftum,2012.0,Winter,Cfb,Temperate oceanic,Elsinore,Classroom,Naturally Ventilated,Mechanical Heating,,1.0,1.0,no change,no change,4.0,24.6,76.2,0.8,33.5,Database 2
12,Denmark,35.4,26867,Indoor Climate Survey at Esperg¾rde Gymnasium. Master thesis. Technical University of Denmark. Departmentof Civil Engineering. 2012.,Pedersen and Toftum,2012.0,Winter,Cfb,Temperate oceanic,Elsinore,Classroom,Naturally Ventilated,Mechanical Heating,,-1.0,1.0,no change,more,4.0,24.8,76.6,0.8,33.5,Database 2
13,Denmark,38.7,26868,Indoor Climate Survey at Esperg¾rde Gymnasium. Master thesis. Technical University of Denmark. Departmentof Civil Engineering. 2012.,Pedersen and Toftum,2012.0,Winter,Cfb,Temperate oceanic,Elsinore,Classroom,Naturally Ventilated,Mechanical Heating,,1.0,0.0,cooler,more,3.0,22.6,72.6,0.8,33.5,Database 2
14,Denmark,39.5,26869,Indoor Climate Survey at Esperg¾rde Gymnasium. Master thesis. Technical University of Denmark. Departmentof Civil Engineering. 2012.,Pedersen and Toftum,2012.0,Winter,Cfb,Temperate oceanic,Elsinore,Classroom,Naturally Ventilated,Mechanical Heating,,1.0,1.0,warmer,more,3.0,22.9,73.3,0.8,33.5,Database 2
15,Denmark,39.8,26870,Indoor Climate Survey at Esperg¾rde Gymnasium. Master thesis. Technical University of Denmark. Departmentof Civil Engineering. 2012.,Pedersen and Toftum,2012.0,Winter,Cfb,Temperate oceanic,Elsinore,Classroom,Naturally Ventilated,Mechanical Heating,,-1.0,0.0,warmer,more,3.0,23.1,73.6,0.8,33.5,Database 2
16,Denmark,40.2,26871,Indoor Climate Survey at Esperg¾rde Gymnasium. Master thesis. Technical University of Denmark. Departmentof Civil Engineering. 2012.,Pedersen and Toftum,2012.0,Winter,Cfb,Temperate oceanic,Elsinore,Classroom,Naturally Ventilated,Mechanical Heating,,-1.0,1.0,no change,no change,4.0,23.3,73.9,0.8,33.5,Database 2
17,Denmark,40.5,26872,Indoor Climate Survey at Esperg¾rde Gymnasium. Master thesis. Technical University of Denmark. Departmentof Civil Engineering. 2012.,Pedersen and Toftum,2012.0,Winter,Cfb,Temperate oceanic,Elsinore,Classroom,Naturally Ventilated,Mechanical Heating,,0.0,1.0,warmer,no change,4.0,23.5,74.3,0.8,33.5,Database 2
18,Denmark,41.3,26873,Indoor Climate Survey at Esperg¾rde Gymnasium. Master thesis. Technical University of Denmark. Departmentof Civil Engineering. 2012.,Pedersen and Toftum,2012.0,Winter,Cfb,Temperate oceanic,Elsinore,Classroom,Naturally Ventilated,Mechanical Heating,,1.0,0.0,cooler,more,3.0,24.3,75.8,0.8,33.5,Database 2
19,Denmark,37.4,26874,Indoor Climate Survey at Esperg¾rde Gymnasium. Master thesis. Technical University of Denmark. Departmentof Civil Engineering. 2012.,Pedersen and Toftum,2012.0,Winter,Cfb,Temperate oceanic,Elsinore,Classroom,Naturally Ventilated,Mechanical Heating,18.0,0.0,1.0,no change,more,4.0,24.4,75.9,0.8,33.5,Database 2
20,Denmark,37.4,26875,Indoor Climate Survey at Esperg¾rde Gymnasium. Master thesis. Technical University of Denmark. Departmentof Civil Engineering. 2012.,Pedersen and Toftum,2012.0,Winter,Cfb,Temperate oceanic,Elsinore,Classroom,Naturally Ventilated,Mechanical Heating,16.0,-0.0,1.0,warmer,more,4.0,24.4,75.9,0.8,33.5,Database 2
21,Denmark,37.4,26876,Indoor Climate Survey at Esperg¾rde Gymnasium. Master thesis. Technical University of Denmark. Departmentof Civil Engineering. 2012.,Pedersen and Toftum,2012.0,Winter,Cfb,Temperate oceanic,Elsinore,Classroom,Naturally Ventilated,Mechanical Heating,17.0,0.0,1.0,cooler,more,4.0,24.4,75.9,0.8,33.5,Database 2
22,Denmark,37.4,26877,Indoor Climate Survey at Esperg¾rde Gymnasium. Master thesis. Technical University of Denmark. Departmentof Civil Engineering. 2012.,Pedersen and Toftum,2012.0,Winter,Cfb,Temperate oceanic,Elsinore,Classroom,Naturally Ventilated,Mechanical Heating,18.0,-1.0,0.0,warmer,more,3.0,24.4,75.9,0.8,33.5,Database 2
23,Denmark,37.4,26878,Indoor Climate Survey at Esperg¾rde Gymnasium. Master thesis. Technical University of Denmark. Departmentof Civil Engineering. 2012.,Pedersen and Toftum,2012.0,Winter,Cfb,Temperate oceanic,Elsinore,Classroom,Naturally Ventilated,Mechanical Heating,16.0,0.0,1.0,cooler,more,3.0,24.4,75.9,0.8,33.5,Database 2
24,Denmark,37.4,26879,Indoor Climate Survey at Esperg¾rde Gymnasium. Master thesis. Technical University of Denmark. Departmentof Civil Engineering. 2012.,Pedersen and Toftum,2012.0,Winter,Cfb,Temperate oceanic,Elsinore,Classroom,Naturally Ventilated,Mechanical Heating,16.0,1.0,1.0,cooler,more,3.0,24.4,75.9,0.8,33.5,Database 2
25,Denmark,37.4,26880,Indoor Climate Survey at Esperg¾rde Gymnasium. Master thesis. Technical University of Denmark. Departmentof Civil Engineering. 2012.,Pedersen and Toftum,2012.0,Winter,Cfb,Temperate oceanic,Elsinore,Classroom,Naturally Ventilated,Mechanical Heating,16.0,1.0,1.0,cooler,more,3.0,24.4,75.9,0.8,33.5,Database 2
26,Denmark,33.9,26881,Indoor Climate Survey at Esperg¾rde Gymnasium. Master thesis. Technical University of Denmark. Departmentof Civil Engineering. 2012.,Pedersen and Toftum,2012.0,Winter,Cfb,Temperate oceanic,Elsinore,Classroom,Naturally Ventilated,Mechanical Heating,17.0,0.0,1.0,no change,more,4.0,23.8,74.9,0.8,33.5,Database 2
27,Denmark,37.4,26882,Indoor Climate Survey at Esperg¾rde Gymnasium. Master thesis. Technical University of Denmark. Departmentof Civil Engineering. 2012.,Pedersen and Toftum,2012.0,Winter,Cfb,Temperate oceanic,Elsinore,Classroom,Naturally Ventilated,Mechanical Heating,17.0,0.0,1.0,cooler,more,3.0,24.4,75.9,0.8,33.5,Database 2
28,Denmark,33.9,26883,Indoor Climate Survey at Esperg¾rde Gymnasium. Master thesis. Technical University of Denmark. Departmentof Civil Engineering. 2012.,Pedersen and Toftum,2012.0,Winter,Cfb,Temperate oceanic,Elsinore,Classroom,Naturally Ventilated,Mechanical Heating,17.0,2.0,0.0,cooler,more,1.0,23.8,74.9,0.8,33.5,Database 2
29,Denmark,36.1,26884,Indoor Climate Survey at Esperg¾rde Gymnasium. Master thesis. Technical University of Denmark. Departmentof Civil Engineering. 2012.,Pedersen and Toftum,2012.0,Winter,Cfb,Temperate oceanic,Elsinore,Classroom,Naturally Ventilated,Mechanical Heating,17.0,1.0,0.0,cooler,more,3.0,22.3,72.2,0.8,33.5,Database 2
30,Denmark,36.1,26885,Indoor Climate Survey at Esperg¾rde Gymnasium. Master thesis. Technical University of Denmark. Departmentof Civil Engineering. 2012.,Pedersen and Toftum,2012.0,Winter,Cfb,Temperate oceanic,Elsinore,Classroom,Naturally Ventilated,Mechanical Heating,16.0,0.0,1.0,cooler,more,4.0,22.3,72.2,0.8,33.5,Database 2
31,Denmark,36.1,26886,Indoor Climate Survey at Esperg¾rde Gymnasium. Master thesis. Technical University of Denmark. Departmentof Civil Engineering. 2012.,Pedersen and Toftum,2012.0,Winter,Cfb,Temperate oceanic,Elsinore,Classroom,Naturally Ventilated,Mechanical Heating,18.0,-0.0,1.0,no change,more,4.0,22.3,72.2,0.8,33.5,Database 2
32,Denmark,36.1,26887,Indoor Climate Survey at Esperg¾rde Gymnasium. Master thesis. Technical University of Denmark. Departmentof Civil Engineering. 2012.,Pedersen and Toftum,2012.0,Winter,Cfb,Temperate oceanic,Elsinore,Classroom,Naturally Ventilated,Mechanical Heating,19.0,1.0,0.0,cooler,more,4.0,25.5,77.9,0.8,33.5,Database 2
33,Denmark,36.1,26888,Indoor Climate Survey at Esperg¾rde Gymnasium. Master thesis. Technical University of Denmark. Departmentof Civil Engineering. 2012.,Pedersen and Toftum,2012.0,Winter,Cfb,Temperate oceanic,Elsinore,Classroom,Naturally Ventilated,Mechanical Heating,17.0,1.0,0.0,cooler,more,3.0,25.5,77.9,0.8,33.5,Database 2
34,Denmark,36.1,26889,Indoor Climate Survey at Esperg¾rde Gymnasium. Master thesis. Technical University of Denmark. Departmentof Civil Engineering. 2012.,Pedersen and Toftum,2012.0,Winter,Cfb,Temperate oceanic,Elsinore,Classroom,Naturally Ventilated,Mechanical Heating,17.0,0.0,1.0,no change,more,3.0,25.5,77.9,0.8,33.5,Database 2
35,Denmark,36.1,26890,Indoor Climate Survey at Esperg¾rde Gymnasium. Master thesis. Technical University of Denmark. Departmentof Civil Engineering. 2012.,Pedersen and Toftum,2012.0,Winter,Cfb,Temperate oceanic,Elsinore,Classroom,Naturally Ventilated,Mechanical Heating,18.0,2.0,1.0,cooler,more,3.0,25.5,77.9,0.8,33.5,Database 2
36,Denmark,36.1,26891,Indoor Climate Survey at Esperg¾rde Gymnasium. Master thesis. Technical University of Denmark. Departmentof Civil Engineering. 2012.,Pedersen and Toftum,2012.0,Winter,Cfb,Temperate oceanic,Elsinore,Classroom,Naturally Ventilated,Mechanical Heating,17.0,2.0,0.0,cooler,more,3.0,25.5,77.9,0.8,33.5,Database 2
37,Denmark,36.1,26892,Indoor Climate Survey at Esperg¾rde Gymnasium. Master thesis. Technical University of Denmark. Departmentof Civil Engineering. 2012.,Pedersen and Toftum,2012.0,Winter,Cfb,Temperate oceanic,Elsinore,Classroom,Naturally Ventilated,Mechanical Heating,17.0,0.0,1.0,cooler,more,4.0,25.5,77.9,0.8,33.5,Database 2
38,Denmark,36.1,26893,Indoor Climate Survey at Esperg¾rde Gymnasium. Master thesis. Technical University of Denmark. Departmentof Civil Engineering. 2012.,Pedersen and Toftum,2012.0,Winter,Cfb,Temperate oceanic,Elsinore,Classroom,Naturally Ventilated,Mechanical Heating,17.0,1.0,1.0,no change,more,3.0,25.5,77.9,0.8,33.5,Database 2
39,Denmark,36.1,26894,Indoor Climate Survey at Esperg¾rde Gymnasium. Master thesis. Technical University of Denmark. Departmentof Civil Engineering. 2012.,Pedersen and Toftum,2012.0,Winter,Cfb,Temperate oceanic,Elsinore,Classroom,Naturally Ventilated,Mechanical Heating,18.0,0.0,1.0,cooler,no change,4.0,25.5,77.9,0.8,33.5,Database 2
40,Denmark,36.1,26895,Indoor Climate Survey at Esperg¾rde Gymnasium. Master thesis. Technical University of Denmark. Departmentof Civil Engineering. 2012.,Pedersen and Toftum,2012.0,Winter,Cfb,Temperate oceanic,Elsinore,Classroom,Naturally Ventilated,Mechanical Heating,17.0,0.0,1.0,no change,more,4.0,25.5,77.9,0.8,33.5,Database 2
41,Denmark,37.0,26896,Indoor Climate Survey at Esperg¾rde Gymnasium. Master thesis. Technical University of Denmark. Departmentof Civil Engineering. 2012.,Pedersen and Toftum,2012.0,Winter,Cfb,Temperate oceanic,Elsinore,Classroom,Naturally Ventilated,Mechanical Heating,17.0,0.0,0.0,cooler,more,3.0,25.7,78.3,0.8,33.5,Database 2
42,Denmark,36.1,26897,Indoor Climate Survey at Esperg¾rde Gymnasium. Master thesis. Technical University of Denmark. Departmentof Civil Engineering. 2012.,Pedersen and Toftum,2012.0,Winter,Cfb,Temperate oceanic,Elsinore,Classroom,Naturally Ventilated,Mechanical Heating,18.0,2.0,0.0,cooler,more,3.0,25.5,77.9,0.8,33.5,Database 2
43,Denmark,34.4,26898,Indoor Climate Survey at Esperg¾rde Gymnasium. Master thesis. Technical University of Denmark. Departmentof Civil Engineering. 2012.,Pedersen and Toftum,2012.0,Winter,Cfb,Temperate oceanic,Elsinore,Classroom,Naturally Ventilated,Mechanical Heating,16.0,-1.0,1.0,no change,more,4.0,23.8,74.8,0.8,33.5,Database 2
44,Denmark,36.1,26899,Indoor Climate Survey at Esperg¾rde Gymnasium. Master thesis. Technical University of Denmark. Departmentof Civil Engineering. 2012.,Pedersen and Toftum,2012.0,Winter,Cfb,Temperate oceanic,Elsinore,Classroom,Naturally Ventilated,Mechanical Heating,19.0,1.0,1.0,cooler,,3.0,25.5,77.9,0.8,33.5,Database 2
45,Denmark,36.1,26900,Indoor Climate Survey at Esperg¾rde Gymnasium. Master thesis. Technical University of Denmark. Departmentof Civil Engineering. 2012.,Pedersen and Toftum,2012.0,Winter,Cfb,Temperate oceanic,Elsinore,Classroom,Naturally Ventilated,Mechanical Heating,18.0,2.0,0.0,cooler,more,4.0,25.5,77.9,0.8,33.5,Database 2
46,Denmark,36.1,26901,Indoor Climate Survey at Esperg¾rde Gymnasium. Master thesis. Technical University of Denmark. Departmentof Civil Engineering. 2012.,Pedersen and Toftum,2012.0,Winter,Cfb,Temperate oceanic,Elsinore,Classroom,Naturally Ventilated,Mechanical Heating,18.0,1.0,1.0,no change,no change,4.0,25.5,77.9,0.8,33.5,Database 2
47,Denmark,34.5,26902,Indoor Climate Survey at Esperg¾rde Gymnasium. Master thesis. Technical University of Denmark. Departmentof Civil Engineering. 2012.,Pedersen and Toftum,2012.0,Winter,Cfb,Temperate oceanic,Elsinore,Classroom,Naturally Ventilated,Mechanical Heating,18.0,0.0,1.0,no change,no change,4.0,25.1,77.1,0.8,33.5,Database 2
48,Denmark,34.5,26903,Indoor Climate Survey at Esperg¾rde Gymnasium. Master thesis. Technical University of Denmark. Departmentof Civil Engineering. 2012.,Pedersen and Toftum,2012.0,Winter,Cfb,Temperate oceanic,Elsinore,Classroom,Naturally Ventilated,Mechanical Heating,17.0,0.0,1.0,no change,more,4.0,25.1,77.1,0.8,33.5,Database 2
49,Denmark,36.1,26904,Indoor Climate Survey at Esperg¾rde Gymnasium. Master thesis. Technical University of Denmark. Departmentof Civil Engineering. 2012.,Pedersen and Toftum,2012.0,Winter,Cfb,Temperate oceanic,Elsinore,Classroom,Naturally Ventilated,Mechanical Heating,17.0,1.0,0.0,cooler,more,4.0,25.5,77.9,0.8,33.5,Database 2
50,Denmark,36.1,26905,Indoor Climate Survey at Esperg¾rde Gymnasium. Master thesis. Technical University of Denmark. Departmentof Civil Engineering. 2012.,Pedersen and Toftum,2012.0,Winter,Cfb,Temperate oceanic,Elsinore,Classroom,Naturally Ventilated,Mechanical Heating,17.0,1.0,1.0,cooler,more,3.0,25.5,77.9,0.8,33.5,Database 2
51,Denmark,34.5,26906,Indoor Climate Survey at Esperg¾rde Gymnasium. Master thesis. Technical University of Denmark. Departmentof Civil Engineering. 2012.,Pedersen and Toftum,2012.0,Winter,Cfb,Temperate oceanic,Elsinore,Classroom,Naturally Ventilated,Mechanical Heating,16.0,-0.0,1.0,no change,,4.0,25.1,77.1,0.8,33.5,Database 2
52,Denmark,36.1,26907,Indoor Climate Survey at Esperg¾rde Gymnasium. Master thesis. Technical University of Denmark. Departmentof Civil Engineering. 2012.,Pedersen and Toftum,2012.0,Winter,Cfb,Temperate oceanic,Elsinore,Classroom,Naturally Ventilated,Mechanical Heating,17.0,0.0,1.0,cooler,more,3.0,25.5,77.9,0.8,33.5,Database 2
53,Denmark,34.5,26908,Indoor Climate Survey at Esperg¾rde Gymnasium. Master thesis. Technical University of Denmark. Departmentof Civil Engineering. 2012.,Pedersen and Toftum,2012.0,Winter,Cfb,Temperate oceanic,Elsinore,Classroom,Naturally Ventilated,Mechanical Heating,16.0,-0.0,1.0,no change,more,3.0,25.1,77.1,0.8,33.5,Database 2
54,Denmark,34.5,26909,Indoor Climate Survey at Esperg¾rde Gymnasium. Master thesis. Technical University of Denmark. Departmentof Civil Engineering. 2012.,Pedersen and Toftum,2012.0,Winter,Cfb,Temperate oceanic,Elsinore,Classroom,Naturally Ventilated,Mechanical Heating,16.0,-1.0,1.0,cooler,no change,4.0,25.1,77.1,0.8,33.5,Database 2
55,Denmark,34.5,26910,Indoor Climate Survey at Esperg¾rde Gymnasium. Master thesis. Technical University of Denmark. Departmentof Civil Engineering. 2012.,Pedersen and Toftum,2012.0,Winter,Cfb,Temperate oceanic,Elsinore,Classroom,Naturally Ventilated,Mechanical Heating,17.0,0.0,1.0,no change,,4.0,25.1,77.1,0.8,33.5,Database 2
56,Denmark,36.2,26911,Indoor Climate Survey at Esperg¾rde Gymnasium. Master thesis. Technical University of Denmark. Departmentof Civil Engineering. 2012.,Pedersen and Toftum,2012.0,Winter,Cfb,Temperate oceanic,Elsinore,Classroom,Naturally Ventilated,Mechanical Heating,17.0,1.0,1.0,cooler,more,3.0,25.7,78.2,0.8,33.5,Database 2
57,Denmark,34.5,26912,Indoor Climate Survey at Esperg¾rde Gymnasium. Master thesis. Technical University of Denmark. Departmentof Civil Engineering. 2012.,Pedersen and Toftum,2012.0,Winter,Cfb,Temperate oceanic,Elsinore,Classroom,Naturally Ventilated,Mechanical Heating,17.0,-0.0,1.0,no change,more,4.0,25.1,77.1,0.8,33.5,Database 2
58,Denmark,34.6,26913,Indoor Climate Survey at Esperg¾rde Gymnasium. Master thesis. Technical University of Denmark. Departmentof Civil Engineering. 2012.,Pedersen and Toftum,2012.0,Winter,Cfb,Temperate oceanic,Elsinore,Classroom,Naturally Ventilated,Mechanical Heating,16.0,0.0,1.0,cooler,no change,4.0,23.8,74.9,0.8,33.5,Database 2
59,Denmark,34.5,26914,Indoor Climate Survey at Esperg¾rde Gymnasium. Master thesis. Technical University of Denmark. Departmentof Civil Engineering. 2012.,Pedersen and Toftum,2012.0,Winter,Cfb,Temperate oceanic,Elsinore,Classroom,Naturally Ventilated,Mechanical Heating,17.0,-1.0,1.0,no change,no change,3.0,25.1,77.2,0.8,33.5,Database 2
60,Denmark,34.5,26915,Indoor Climate Survey at Esperg¾rde Gymnasium. Master thesis. Technical University of Denmark. Departmentof Civil Engineering. 2012.,Pedersen and Toftum,2012.0,Winter,Cfb,Temperate oceanic,Elsinore,Classroom,Naturally Ventilated,Mechanical Heating,17.0,2.0,0.0,cooler,more,3.0,25.1,77.2,0.8,33.5,Database 2
61,Denmark,36.1,26916,Indoor Climate Survey at Esperg¾rde Gymnasium. Master thesis. Technical University of Denmark. Departmentof Civil Engineering. 2012.,Pedersen and Toftum,2012.0,Winter,Cfb,Temperate oceanic,Elsinore,Classroom,Naturally Ventilated,Mechanical Heating,17.0,0.0,1.0,no change,more,4.0,22.6,72.7,0.8,33.5,Database 2
62,Denmark,37.5,26917,Indoor Climate Survey at Esperg¾rde Gymnasium. Master thesis. Technical University of Denmark. Departmentof Civil Engineering. 2012.,Pedersen and Toftum,2012.0,Winter,Cfb,Temperate oceanic,Elsinore,Classroom,Naturally Ventilated,Mechanical Heating,18.0,1.0,0.0,cooler,more,3.0,25.8,78.4,0.8,33.5,Database 2
63,Denmark,37.5,26918,Indoor Climate Survey at Esperg¾rde Gymnasium. Master thesis. Technical University of Denmark. Departmentof Civil Engineering. 2012.,Pedersen and Toftum,2012.0,Winter,Cfb,Temperate oceanic,Elsinore,Classroom,Naturally Ventilated,Mechanical Heating,17.0,1.0,1.0,cooler,no change,4.0,25.8,78.4,0.8,33.5,Database 2
64,Denmark,39.2,26919,Indoor Climate Survey at Esperg¾rde Gymnasium. Master thesis. Technical University of Denmark. Departmentof Civil Engineering. 2012.,Pedersen and Toftum,2012.0,Winter,Cfb,Temperate oceanic,Elsinore,Classroom,Naturally Ventilated,Mechanical Heating,18.0,1.0,1.0,cooler,more,4.0,23.9,75.0,0.8,33.5,Database 2
65,Denmark,38.5,26920,Indoor Climate Survey at Esperg¾rde Gymnasium. Master thesis. Technical University of Denmark. Departmentof Civil Engineering. 2012.,Pedersen and Toftum,2012.0,Winter,Cfb,Temperate oceanic,Elsinore,Classroom,Naturally Ventilated,Mechanical Heating,18.0,2.0,1.0,cooler,more,3.0,25.0,77.0,0.8,33.5,Database 2
66,Denmark,38.5,26921,Indoor Climate Survey at Esperg¾rde Gymnasium. Master thesis. Technical University of Denmark. Departmentof Civil Engineering. 2012.,Pedersen and Toftum,2012.0,Winter,Cfb,Temperate oceanic,Elsinore,Classroom,Naturally Ventilated,Mechanical Heating,19.0,1.0,1.0,cooler,more,4.0,25.0,77.0,0.8,33.5,Database 2
67,Denmark,39.2,26922,Indoor Climate Survey at Esperg¾rde Gymnasium. Master thesis. Technical University of Denmark. Departmentof Civil Engineering. 2012.,Pedersen and Toftum,2012.0,Winter,Cfb,Temperate oceanic,Elsinore,Classroom,Naturally Ventilated,Mechanical Heating,16.0,0.0,1.0,cooler,more,4.0,23.9,75.0,0.8,33.5,Database 2
68,Denmark,40.2,26923,Indoor Climate Survey at Esperg¾rde Gymnasium. Master thesis. Technical University of Denmark. Departmentof Civil Engineering. 2012.,Pedersen and Toftum,2012.0,Winter,Cfb,Temperate oceanic,Elsinore,Classroom,Naturally Ventilated,Mechanical Heating,17.0,1.0,1.0,cooler,more,4.0,23.8,74.8,0.8,33.5,Database 2
69,Denmark,40.2,26924,Indoor Climate Survey at Esperg¾rde Gymnasium. Master thesis. Technical University of Denmark. Departmentof Civil Engineering. 2012.,Pedersen and Toftum,2012.0,Winter,Cfb,Temperate oceanic,Elsinore,Classroom,Naturally Ventilated,Mechanical Heating,17.0,-0.0,1.0,warmer,more,4.0,23.8,74.8,0.8,33.5,Database 2
70,Denmark,37.3,26925,Indoor Climate Survey at Esperg¾rde Gymnasium. Master thesis. Technical University of Denmark. Departmentof Civil Engineering. 2012.,Pedersen and Toftum,2012.0,Winter,Cfb,Temperate oceanic,Elsinore,Classroom,Naturally Ventilated,Mechanical Heating,16.0,0.0,0.0,cooler,more,3.0,26.0,78.8,0.8,33.5,Database 2
71,Denmark,40.2,26926,Indoor Climate Survey at Esperg¾rde Gymnasium. Master thesis. Technical University of Denmark. Departmentof Civil Engineering. 2012.,Pedersen and Toftum,2012.0,Winter,Cfb,Temperate oceanic,Elsinore,Classroom,Naturally Ventilated,Mechanical Heating,18.0,0.0,1.0,warmer,more,3.0,23.8,74.8,0.8,33.5,Database 2
72,Denmark,37.3,26927,Indoor Climate Survey at Esperg¾rde Gymnasium. Master thesis. Technical University of Denmark. Departmentof Civil Engineering. 2012.,Pedersen and Toftum,2012.0,Winter,Cfb,Temperate oceanic,Elsinore,Classroom,Naturally Ventilated,Mechanical Heating,17.0,-1.0,1.0,cooler,more,3.0,26.0,78.8,0.8,33.5,Database 2
73,Denmark,38.4,26928,Indoor Climate Survey at Esperg¾rde Gymnasium. Master thesis. Technical University of Denmark. Departmentof Civil Engineering. 2012.,Pedersen and Toftum,2012.0,Winter,Cfb,Temperate oceanic,Elsinore,Classroom,Naturally Ventilated,Mechanical Heating,19.0,0.0,1.0,no change,more,4.0,25.0,77.0,0.8,33.5,Database 2
74,Denmark,37.3,26929,Indoor Climate Survey at Esperg¾rde Gymnasium. Master thesis. Technical University of Denmark. Departmentof Civil Engineering. 2012.,Pedersen and Toftum,2012.0,Winter,Cfb,Temperate oceanic,Elsinore,Classroom,Naturally Ventilated,Mechanical Heating,18.0,2.0,1.0,no change,more,4.0,26.0,78.8,0.8,33.5,Database 2
75,Denmark,37.3,26930,Indoor Climate Survey at Esperg¾rde Gymnasium. Master thesis. Technical University of Denmark. Departmentof Civil Engineering. 2012.,Pedersen and Toftum,2012.0,Winter,Cfb,Temperate oceanic,Elsinore,Classroom,Naturally Ventilated,Mechanical Heating,18.0,1.0,1.0,no change,more,6.0,26.0,78.8,0.8,33.5,Database 2
76,Denmark,40.1,26931,Indoor Climate Survey at Esperg¾rde Gymnasium. Master thesis. Technical University of Denmark. Departmentof Civil Engineering. 2012.,Pedersen and Toftum,2012.0,Winter,Cfb,Temperate oceanic,Elsinore,Classroom,Naturally Ventilated,Mechanical Heating,19.0,1.0,0.0,cooler,more,1.0,25.0,77.0,0.8,33.5,Database 2
77,Denmark,37.3,26932,Indoor Climate Survey at Esperg¾rde Gymnasium. Master thesis. Technical University of Denmark. Departmentof Civil Engineering. 2012.,Pedersen and Toftum,2012.0,Winter,Cfb,Temperate oceanic,Elsinore,Classroom,Naturally Ventilated,Mechanical Heating,17.0,1.0,0.0,cooler,more,3.0,26.0,78.8,0.8,33.5,Database 2
78,Denmark,38.5,26933,Indoor Climate Survey at Esperg¾rde Gymnasium. Master thesis. Technical University of Denmark. Departmentof Civil Engineering. 2012.,Pedersen and Toftum,2012.0,Winter,Cfb,Temperate oceanic,Elsinore,Classroom,Naturally Ventilated,Mechanical Heating,20.0,0.0,1.0,no change,more,3.0,25.0,77.0,0.8,33.5,Database 2
79,Denmark,38.5,26934,Indoor Climate Survey at Esperg¾rde Gymnasium. Master thesis. Technical University of Denmark. Departmentof Civil Engineering. 2012.,Pedersen and Toftum,2012.0,Winter,Cfb,Temperate oceanic,Elsinore,Classroom,Naturally Ventilated,Mechanical Heating,18.0,-1.0,1.0,no change,no change,4.0,25.0,77.0,0.8,33.5,Database 2
80,Denmark,37.5,26935,Indoor Climate Survey at Esperg¾rde Gymnasium. Master thesis. Technical University of Denmark. Departmentof Civil Engineering. 2012.,Pedersen and Toftum,2012.0,Winter,Cfb,Temperate oceanic,Elsinore,Classroom,Naturally Ventilated,Mechanical Heating,17.0,1.0,1.0,cooler,more,4.0,26.1,79.0,0.8,33.5,Database 2
81,Denmark,39.5,26936,Indoor Climate Survey at Esperg¾rde Gymnasium. Master thesis. Technical University of Denmark. Departmentof Civil Engineering. 2012.,Pedersen and Toftum,2012.0,Winter,Cfb,Temperate oceanic,Elsinore,Classroom,Naturally Ventilated,Mechanical Heating,17.0,-1.0,1.0,no change,more,4.0,24.0,75.2,0.8,33.5,Database 2
82,Denmark,31.2,26937,Indoor Climate Survey at Esperg¾rde Gymnasium. Master thesis. Technical University of Denmark. Departmentof Civil Engineering. 2012.,Pedersen and Toftum,2012.0,Winter,Cfb,Temperate oceanic,Elsinore,Classroom,Naturally Ventilated,Mechanical Heating,17.0,1.0,1.0,no change,no change,4.0,25.8,78.5,0.8,33.5,Database 2
83,Denmark,37.8,26938,Indoor Climate Survey at Esperg¾rde Gymnasium. Master thesis. Technical University of Denmark. Departmentof Civil Engineering. 2012.,Pedersen and Toftum,2012.0,Winter,Cfb,Temperate oceanic,Elsinore,Classroom,Naturally Ventilated,Mechanical Heating,17.0,0.0,1.0,cooler,more,4.0,26.2,79.1,0.8,33.5,Database 2
84,Denmark,39.1,26939,Indoor Climate Survey at Esperg¾rde Gymnasium. Master thesis. Technical University of Denmark. Departmentof Civil Engineering. 2012.,Pedersen and Toftum,2012.0,Winter,Cfb,Temperate oceanic,Elsinore,Classroom,Naturally Ventilated,Mechanical Heating,17.0,-0.0,1.0,no change,no change,4.0,24.0,75.2,0.8,33.5,Database 2
85,Denmark,39.1,26940,Indoor Climate Survey at Esperg¾rde Gymnasium. Master thesis. Technical University of Denmark. Departmentof Civil Engineering. 2012.,Pedersen and Toftum,2012.0,Winter,Cfb,Temperate oceanic,Elsinore,Classroom,Naturally Ventilated,Mechanical Heating,16.0,-1.0,1.0,warmer,more,4.0,24.0,75.2,0.8,33.5,Database 2
86,Denmark,39.6,26941,Indoor Climate Survey at Esperg¾rde Gymnasium. Master thesis. Technical University of Denmark. Departmentof Civil Engineering. 2012.,Pedersen and Toftum,2012.0,Winter,Cfb,Temperate oceanic,Elsinore,Classroom,Naturally Ventilated,Mechanical Heating,18.0,0.0,1.0,cooler,more,4.0,25.1,77.2,0.8,33.5,Database 2
87,Denmark,34.4,26942,Indoor Climate Survey at Esperg¾rde Gymnasium. Master thesis. Technical University of Denmark. Departmentof Civil Engineering. 2012.,Pedersen and Toftum,2012.0,Winter,Cfb,Temperate oceanic,Elsinore,Classroom,Naturally Ventilated,Mechanical Heating,17.0,-2.0,1.0,warmer,more,4.0,23.9,75.0,0.8,33.5,Database 2
88,Denmark,42.5,26943,Indoor Climate Survey at Esperg¾rde Gymnasium. Master thesis. Technical University of Denmark. Departmentof Civil Engineering. 2012.,Pedersen and Toftum,2012.0,Winter,Cfb,Temperate oceanic,Elsinore,Classroom,Naturally Ventilated,Mechanical Heating,17.0,1.0,1.0,cooler,more,3.0,23.4,74.1,0.8,33.5,Database 2
89,Denmark,45.7,26944,Indoor Climate Survey at Esperg¾rde Gymnasium. Master thesis. Technical University of Denmark. Departmentof Civil Engineering. 2012.,Pedersen and Toftum,2012.0,Winter,Cfb,Temperate oceanic,Elsinore,Classroom,Naturally Ventilated,Mechanical Heating,17.0,-1.0,1.0,no change,no change,6.0,21.3,70.3,0.8,33.5,Database 2
90,Denmark,50.4,26945,Indoor Climate Survey at Esperg¾rde Gymnasium. Master thesis. Technical University of Denmark. Departmentof Civil Engineering. 2012.,Pedersen and Toftum,2012.0,Winter,Cfb,Temperate oceanic,Elsinore,Classroom,Naturally Ventilated,Mechanical Heating,16.0,2.0,0.0,cooler,more,3.0,23.8,74.8,0.8,33.5,Database 2
91,Denmark,53.5,26946,Indoor Climate Survey at Esperg¾rde Gymnasium. Master thesis. Technical University of Denmark. Departmentof Civil Engineering. 2012.,Pedersen and Toftum,2012.0,Winter,Cfb,Temperate oceanic,Elsinore,Classroom,Naturally Ventilated,Mechanical Heating,19.0,1.0,1.0,cooler,no change,4.0,23.7,74.6,0.8,33.5,Database 2
92,Denmark,55.7,26947,Indoor Climate Survey at Esperg¾rde Gymnasium. Master thesis. Technical University of Denmark. Departmentof Civil Engineering. 2012.,Pedersen and Toftum,2012.0,Winter,Cfb,Temperate oceanic,Elsinore,Classroom,Naturally Ventilated,Mechanical Heating,17.0,2.0,0.0,cooler,more,1.0,24.3,75.8,0.8,33.5,Database 2
93,Denmark,59.7,26948,Indoor Climate Survey at Esperg¾rde Gymnasium. Master thesis. Technical University of Denmark. Departmentof Civil Engineering. 2012.,Pedersen and Toftum,2012.0,Winter,Cfb,Temperate oceanic,Elsinore,Classroom,Naturally Ventilated,Mechanical Heating,17.0,0.0,1.0,cooler,no change,3.0,22.9,73.2,0.8,33.5,Database 2
94,Denmark,60.8,26949,Indoor Climate Survey at Esperg¾rde Gymnasium. Master thesis. Technical University of Denmark. Departmentof Civil Engineering. 2012.,Pedersen and Toftum,2012.0,Winter,Cfb,Temperate oceanic,Elsinore,Classroom,Naturally Ventilated,Mechanical Heating,16.0,2.0,0.0,cooler,more,1.0,22.6,72.6,0.8,33.5,Database 2
95,Denmark,59.0,26950,Indoor Climate Survey at Esperg¾rde Gymnasium. Master thesis. Technical University of Denmark. Departmentof Civil Engineering. 2012.,Pedersen and Toftum,2012.0,Winter,Cfb,Temperate oceanic,Elsinore,Classroom,Naturally Ventilated,Mechanical Heating,17.0,0.0,1.0,cooler,more,3.0,23.1,73.6,0.8,33.5,Database 2
96,Denmark,59.0,26951,Indoor Climate Survey at Esperg¾rde Gymnasium. Master thesis. Technical University of Denmark. Departmentof Civil Engineering. 2012.,Pedersen and Toftum,2012.0,Winter,Cfb,Temperate oceanic,Elsinore,Classroom,Naturally Ventilated,Mechanical Heating,17.0,-1.0,1.0,cooler,more,3.0,23.1,73.6,0.8,33.5,Database 2
97,Denmark,60.2,26952,Indoor Climate Survey at Esperg¾rde Gymnasium. Master thesis. Technical University of Denmark. Departmentof Civil Engineering. 2012.,Pedersen and Toftum,2012.0,Winter,Cfb,Temperate oceanic,Elsinore,Classroom,Naturally Ventilated,Mechanical Heating,50.0,2.0,0.0,cooler,more,3.0,23.5,74.2,0.8,33.5,Database 2
98,Denmark,60.2,26953,Indoor Climate Survey at Esperg¾rde Gymnasium. Master thesis. Technical University of Denmark. Departmentof Civil Engineering. 2012.,Pedersen and Toftum,2012.0,Winter,Cfb,Temperate oceanic,Elsinore,Classroom,Naturally Ventilated,Mechanical Heating,16.0,1.0,0.0,cooler,more,3.0,24.6,76.2,0.8,33.5,Database 2
99,Denmark,60.2,26954,Indoor Climate Survey at Esperg¾rde Gymnasium. Master thesis. Technical University of Denmark. Departmentof Civil Engineering. 2012.,Pedersen and Toftum,2012.0,Winter,Cfb,Temperate oceanic,Elsinore,Classroom,Naturally Ventilated,Mechanical Heating,16.0,1.0,0.0,cooler,more,1.0,24.6,76.2,0.8,33.5,Database 2
100,Denmark,60.5,26955,Indoor Climate Survey at Esperg¾rde Gymnasium. Master thesis. Technical University of Denmark. Departmentof Civil Engineering. 2012.,Pedersen and Toftum,2012.0,Winter,Cfb,Temperate oceanic,Elsinore,Classroom,Naturally Ventilated,Mechanical Heating,17.0,-1.0,1.0,no change,more,3.0,22.5,72.5,0.8,33.5,Database 2
101,Denmark,57.8,26956,Indoor Climate Survey at Esperg¾rde Gymnasium. Master thesis. Technical University of Denmark. Departmentof Civil Engineering. 2012.,Pedersen and Toftum,2012.0,Winter,Cfb,Temperate oceanic,Elsinore,Classroom,Naturally Ventilated,Mechanical Heating,17.0,1.0,1.0,cooler,more,3.0,24.6,76.3,0.8,33.5,Database 2
102,Denmark,60.6,26957,Indoor Climate Survey at Esperg¾rde Gymnasium. Master thesis. Technical University of Denmark. Departmentof Civil Engineering. 2012.,Pedersen and Toftum,2012.0,Winter,Cfb,Temperate oceanic,Elsinore,Classroom,Naturally Ventilated,Mechanical Heating,18.0,2.0,1.0,no change,more,3.0,21.5,70.7,0.8,33.5,Database 2
103,Denmark,58.0,26958,Indoor Climate Survey at Esperg¾rde Gymnasium. Master thesis. Technical University of Denmark. Departmentof Civil Engineering. 2012.,Pedersen and Toftum,2012.0,Winter,Cfb,Temperate oceanic,Elsinore,Classroom,Naturally Ventilated,Mechanical Heating,16.0,1.0,1.0,no change,more,4.0,24.8,76.6,0.8,33.5,Database 2
104,Denmark,57.9,26959,Indoor Climate Survey at Esperg¾rde Gymnasium. Master thesis. Technical University of Denmark. Departmentof Civil Engineering. 2012.,Pedersen and Toftum,2012.0,Winter,Cfb,Temperate oceanic,Elsinore,Classroom,Naturally Ventilated,Mechanical Heating,16.0,1.0,1.0,cooler,more,3.0,24.8,76.7,0.8,33.5,Database 2
105,Denmark,57.9,26960,Indoor Climate Survey at Esperg¾rde Gymnasium. Master thesis. Technical University of Denmark. Departmentof Civil Engineering. 2012.,Pedersen and Toftum,2012.0,Winter,Cfb,Temperate oceanic,Elsinore,Classroom,Naturally Ventilated,Mechanical Heating,17.0,2.0,1.0,cooler,more,3.0,24.8,76.7,0.8,33.5,Database 2
106,Denmark,57.9,26961,Indoor Climate Survey at Esperg¾rde Gymnasium. Master thesis. Technical University of Denmark. Departmentof Civil Engineering. 2012.,Pedersen and Toftum,2012.0,Winter,Cfb,Temperate oceanic,Elsinore,Classroom,Naturally Ventilated,Mechanical Heating,16.0,1.0,1.0,no change,more,4.0,24.8,76.7,0.8,33.5,Database 2
107,Denmark,57.9,26962,Indoor Climate Survey at Esperg¾rde Gymnasium. Master thesis. Technical University of Denmark. Departmentof Civil Engineering. 2012.,Pedersen and Toftum,2012.0,Winter,Cfb,Temperate oceanic,Elsinore,Classroom,Naturally Ventilated,Mechanical Heating,17.0,0.0,1.0,cooler,more,3.0,24.8,76.7,0.8,33.5,Database 2
108,Denmark,57.3,26963,Indoor Climate Survey at Esperg¾rde Gymnasium. Master thesis. Technical University of Denmark. Departmentof Civil Engineering. 2012.,Pedersen and Toftum,2012.0,Winter,Cfb,Temperate oceanic,Elsinore,Classroom,Naturally Ventilated,Mechanical Heating,17.0,0.0,1.0,cooler,more,3.0,24.9,76.9,0.8,33.5,Database 2
109,Denmark,55.6,26964,Indoor Climate Survey at Esperg¾rde Gymnasium. Master thesis. Technical University of Denmark. Departmentof Civil Engineering. 2012.,Pedersen and Toftum,2012.0,Winter,Cfb,Temperate oceanic,Elsinore,Classroom,Naturally Ventilated,Mechanical Heating,17.0,0.0,0.0,no change,more,4.0,23.5,74.3,0.8,33.5,Database 2
110,Denmark,54.9,26965,Indoor Climate Survey at Esperg¾rde Gymnasium. Master thesis. Technical University of Denmark. Departmentof Civil Engineering. 2012.,Pedersen and Toftum,2012.0,Winter,Cfb,Temperate oceanic,Elsinore,Classroom,Naturally Ventilated,Mechanical Heating,19.0,2.0,0.0,cooler,more,3.0,23.6,74.4,0.8,33.5,Database 2
111,Denmark,58.7,26966,Indoor Climate Survey at Esperg¾rde Gymnasium. Master thesis. Technical University of Denmark. Departmentof Civil Engineering. 2012.,Pedersen and Toftum,2012.0,Winter,Cfb,Temperate oceanic,Elsinore,Classroom,Naturally Ventilated,Mechanical Heating,17.0,2.0,0.0,cooler,more,1.0,24.1,75.3,0.8,33.5,Database 2
112,Denmark,48.6,26967,Indoor Climate Survey at Esperg¾rde Gymnasium. Master thesis. Technical University of Denmark. Departmentof Civil Engineering. 2012.,Pedersen and Toftum,2012.0,Winter,Cfb,Temperate oceanic,Elsinore,Classroom,Naturally Ventilated,Mechanical Heating,49.0,2.0,0.0,cooler,more,3.0,26.0,78.7,0.8,33.5,Database 2
113,Denmark,53.9,26968,Indoor Climate Survey at Esperg¾rde Gymnasium. Master thesis. Technical University of Denmark. Departmentof Civil Engineering. 2012.,Pedersen and Toftum,2012.0,Winter,Cfb,Temperate oceanic,Elsinore,Classroom,Naturally Ventilated,Mechanical Heating,18.0,2.0,1.0,cooler,more,3.0,23.8,74.9,0.8,33.5,Database 2
114,Denmark,54.0,26969,Indoor Climate Survey at Esperg¾rde Gymnasium. Master thesis. Technical University of Denmark. Departmentof Civil Engineering. 2012.,Pedersen and Toftum,2012.0,Winter,Cfb,Temperate oceanic,Elsinore,Classroom,Naturally Ventilated,Mechanical Heating,63.0,0.0,1.0,no change,no change,6.0,23.2,73.8,0.8,33.5,Database 2
115,Denmark,59.0,26970,Indoor Climate Survey at Esperg¾rde Gymnasium. Master thesis. Technical University of Denmark. Departmentof Civil Engineering. 2012.,Pedersen and Toftum,2012.0,Winter,Cfb,Temperate oceanic,Elsinore,Classroom,Naturally Ventilated,Mechanical Heating,16.0,0.0,1.0,cooler,more,3.0,22.5,72.4,0.8,33.5,Database 2
116,Denmark,58.6,26971,Indoor Climate Survey at Esperg¾rde Gymnasium. Master thesis. Technical University of Denmark. Departmentof Civil Engineering. 2012.,Pedersen and Toftum,2012.0,Winter,Cfb,Temperate oceanic,Elsinore,Classroom,Naturally Ventilated,Mechanical Heating,17.0,2.0,1.0,cooler,more,3.0,24.0,75.2,0.8,33.5,Database 2
117,Denmark,48.9,26972,Indoor Climate Survey at Esperg¾rde Gymnasium. Master thesis. Technical University of Denmark. Departmentof Civil Engineering. 2012.,Pedersen and Toftum,2012.0,Winter,Cfb,Temperate oceanic,Elsinore,Classroom,Naturally Ventilated,Mechanical Heating,16.0,2.0,1.0,cooler,more,4.0,26.6,80.0,0.8,33.5,Database 2
118,Denmark,48.9,26973,Indoor Climate Survey at Esperg¾rde Gymnasium. Master thesis. Technical University of Denmark. Departmentof Civil Engineering. 2012.,Pedersen and Toftum,2012.0,Winter,Cfb,Temperate oceanic,Elsinore,Classroom,Naturally Ventilated,Mechanical Heating,17.0,2.0,0.0,cooler,more,3.0,26.6,80.0,0.8,33.5,Database 2
119,Denmark,48.2,26974,Indoor Climate Survey at Esperg¾rde Gymnasium. Master thesis. Technical University of Denmark. Departmentof Civil Engineering. 2012.,Pedersen and Toftum,2012.0,Winter,Cfb,Temperate oceanic,Elsinore,Classroom,Naturally Ventilated,Mechanical Heating,17.0,2.0,0.0,cooler,more,1.0,26.6,79.9,0.8,33.5,Database 2
120,Denmark,48.2,26975,Indoor Climate Survey at Esperg¾rde Gymnasium. Master thesis. Technical University of Denmark. Departmentof Civil Engineering. 2012.,Pedersen and Toftum,2012.0,Winter,Cfb,Temperate oceanic,Elsinore,Classroom,Naturally Ventilated,Mechanical Heating,18.0,2.0,0.0,cooler,more,3.0,26.6,79.9,0.8,33.5,Database 2
121,Denmark,48.2,26976,Indoor Climate Survey at Esperg¾rde Gymnasium. Master thesis. Technical University of Denmark. Departmentof Civil Engineering. 2012.,Pedersen and Toftum,2012.0,Winter,Cfb,Temperate oceanic,Elsinore,Classroom,Naturally Ventilated,Mechanical Heating,18.0,2.0,0.0,cooler,more,3.0,26.6,79.9,0.8,33.5,Database 2
122,Denmark,48.2,26977,Indoor Climate Survey at Esperg¾rde Gymnasium. Master thesis. Technical University of Denmark. Departmentof Civil Engineering. 2012.,Pedersen and Toftum,2012.0,Winter,Cfb,Temperate oceanic,Elsinore,Classroom,Naturally Ventilated,Mechanical Heating,16.0,2.0,0.0,cooler,more,3.0,26.6,79.9,0.8,33.5,Database 2
123,Denmark,48.2,26978,Indoor Climate Survey at Esperg¾rde Gymnasium. Master thesis. Technical University of Denmark. Departmentof Civil Engineering. 2012.,Pedersen and Toftum,2012.0,Winter,Cfb,Temperate oceanic,Elsinore,Classroom,Naturally Ventilated,Mechanical Heating,17.0,1.0,1.0,cooler,more,3.0,26.6,79.9,0.8,33.5,Database 2
124,Denmark,48.2,26979,Indoor Climate Survey at Esperg¾rde Gymnasium. Master thesis. Technical University of Denmark. Departmentof Civil Engineering. 2012.,Pedersen and Toftum,2012.0,Winter,Cfb,Temperate oceanic,Elsinore,Classroom,Naturally Ventilated,Mechanical Heating,17.0,1.0,1.0,cooler,more,3.0,26.6,79.9,0.8,33.5,Database 2
125,Denmark,48.2,26980,Indoor Climate Survey at Esperg¾rde Gymnasium. Master thesis. Technical University of Denmark. Departmentof Civil Engineering. 2012.,Pedersen and Toftum,2012.0,Winter,Cfb,Temperate oceanic,Elsinore,Classroom,Naturally Ventilated,Mechanical Heating,16.0,2.0,0.0,cooler,more,3.0,26.6,79.9,0.8,33.5,Database 2
126,Denmark,48.2,26981,Indoor Climate Survey at Esperg¾rde Gymnasium. Master thesis. Technical University of Denmark. Departmentof Civil Engineering. 2012.,Pedersen and Toftum,2012.0,Winter,Cfb,Temperate oceanic,Elsinore,Classroom,Naturally Ventilated,Mechanical Heating,18.0,-0.0,0.0,cooler,no change,3.0,26.6,79.9,0.8,33.5,Database 2
127,Denmark,48.2,26982,Indoor Climate Survey at Esperg¾rde Gymnasium. Master thesis. Technical University of Denmark. Departmentof Civil Engineering. 2012.,Pedersen and Toftum,2012.0,Winter,Cfb,Temperate oceanic,Elsinore,Classroom,Naturally Ventilated,Mechanical Heating,17.0,2.0,0.0,cooler,more,3.0,26.6,79.9,0.8,33.5,Database 2
128,Denmark,48.2,26983,Indoor Climate Survey at Esperg¾rde Gymnasium. Master thesis. Technical University of Denmark. Departmentof Civil Engineering. 2012.,Pedersen and Toftum,2012.0,Winter,Cfb,Temperate oceanic,Elsinore,Classroom,Naturally Ventilated,Mechanical Heating,18.0,2.0,0.0,cooler,more,1.0,26.6,79.9,0.8,33.5,Database 2
129,Denmark,48.2,26984,Indoor Climate Survey at Esperg¾rde Gymnasium. Master thesis. Technical University of Denmark. Departmentof Civil Engineering. 2012.,Pedersen and Toftum,2012.0,Winter,Cfb,Temperate oceanic,Elsinore,Classroom,Naturally Ventilated,Mechanical Heating,16.0,1.0,0.0,cooler,more,3.0,26.6,79.9,0.8,33.5,Database 2
130,Denmark,39.7,26985,Indoor Climate Survey at Esperg¾rde Gymnasium. Master thesis. Technical University of Denmark. Departmentof Civil Engineering. 2012.,Pedersen and Toftum,2012.0,Winter,Cfb,Temperate oceanic,Elsinore,Classroom,Naturally Ventilated,Mechanical Heating,19.0,1.0,1.0,no change,more,1.0,20.9,69.6,0.8,33.5,Database 2
131,Denmark,51.2,26986,Indoor Climate Survey at Esperg¾rde Gymnasium. Master thesis. Technical University of Denmark. Departmentof Civil Engineering. 2012.,Pedersen and Toftum,2012.0,Winter,Cfb,Temperate oceanic,Elsinore,Classroom,Naturally Ventilated,Mechanical Heating,19.0,-2.0,0.0,warmer,more,1.0,24.5,76.1,0.8,33.5,Database 2
132,Denmark,51.5,26987,Indoor Climate Survey at Esperg¾rde Gymnasium. Master thesis. Technical University of Denmark. Departmentof Civil Engineering. 2012.,Pedersen and Toftum,2012.0,Winter,Cfb,Temperate oceanic,Elsinore,Classroom,Naturally Ventilated,Mechanical Heating,20.0,-1.0,1.0,no change,no change,4.0,23.4,74.0,0.8,33.5,Database 2
133,Denmark,45.4,26988,Indoor Climate Survey at Esperg¾rde Gymnasium. Master thesis. Technical University of Denmark. Departmentof Civil Engineering. 2012.,Pedersen and Toftum,2012.0,Winter,Cfb,Temperate oceanic,Elsinore,Classroom,Naturally Ventilated,Mechanical Heating,17.0,-1.0,1.0,no change,more,4.0,26.3,79.4,0.8,33.5,Database 2
134,Denmark,51.3,26989,Indoor Climate Survey at Esperg¾rde Gymnasium. Master thesis. Technical University of Denmark. Departmentof Civil Engineering. 2012.,Pedersen and Toftum,2012.0,Winter,Cfb,Temperate oceanic,Elsinore,Classroom,Naturally Ventilated,Mechanical Heating,18.0,-0.0,1.0,no change,no change,4.0,23.4,74.0,0.8,33.5,Database 2
135,Denmark,40.3,26990,Indoor Climate Survey at Esperg¾rde Gymnasium. Master thesis. Technical University of Denmark. Departmentof Civil Engineering. 2012.,Pedersen and Toftum,2012.0,Winter,Cfb,Temperate oceanic,Elsinore,Classroom,Naturally Ventilated,Mechanical Heating,16.0,-0.0,1.0,no change,more,4.0,22.5,72.4,0.8,33.5,Database 2
136,Denmark,43.9,26991,Indoor Climate Survey at Esperg¾rde Gymnasium. Master thesis. Technical University of Denmark. Departmentof Civil Engineering. 2012.,Pedersen and Toftum,2012.0,Winter,Cfb,Temperate oceanic,Elsinore,Classroom,Naturally Ventilated,Mechanical Heating,20.0,0.0,1.0,no change,no change,4.0,21.9,71.5,0.8,33.5,Database 2
137,Denmark,45.8,26992,Indoor Climate Survey at Esperg¾rde Gymnasium. Master thesis. Technical University of Denmark. Departmentof Civil Engineering. 2012.,Pedersen and Toftum,2012.0,Winter,Cfb,Temperate oceanic,Elsinore,Classroom,Naturally Ventilated,Mechanical Heating,37.0,0.0,1.0,no change,more,3.0,23.1,73.6,0.8,33.5,Database 2
138,Denmark,39.7,26993,Indoor Climate Survey at Esperg¾rde Gymnasium. Master thesis. Technical University of Denmark. Departmentof Civil Engineering. 2012.,Pedersen and Toftum,2012.0,Winter,Cfb,Temperate oceanic,Elsinore,Classroom,Naturally Ventilated,Mechanical Heating,45.0,2.0,1.0,cooler,more,3.0,23.4,74.1,0.8,33.5,Database 2
139,Denmark,39.7,26994,Indoor Climate Survey at Esperg¾rde Gymnasium. Master thesis. Technical University of Denmark. Departmentof Civil Engineering. 2012.,Pedersen and Toftum,2012.0,Winter,Cfb,Temperate oceanic,Elsinore,Classroom,Naturally Ventilated,Mechanical Heating,17.0,1.0,1.0,cooler,more,3.0,23.4,74.1,0.8,33.5,Database 2
140,Denmark,39.7,26995,Indoor Climate Survey at Esperg¾rde Gymnasium. Master thesis. Technical University of Denmark. Departmentof Civil Engineering. 2012.,Pedersen and Toftum,2012.0,Winter,Cfb,Temperate oceanic,Elsinore,Classroom,Naturally Ventilated,Mechanical Heating,17.0,1.0,1.0,cooler,no change,4.0,23.4,74.1,0.8,33.5,Database 2
141,Denmark,39.7,26996,Indoor Climate Survey at Esperg¾rde Gymnasium. Master thesis. Technical University of Denmark. Departmentof Civil Engineering. 2012.,Pedersen and Toftum,2012.0,Winter,Cfb,Temperate oceanic,Elsinore,Classroom,Naturally Ventilated,Mechanical Heating,18.0,-0.0,1.0,no change,more,3.0,23.4,74.1,0.8,33.5,Database 2
142,Denmark,39.7,26997,Indoor Climate Survey at Esperg¾rde Gymnasium. Master thesis. Technical University of Denmark. Departmentof Civil Engineering. 2012.,Pedersen and Toftum,2012.0,Winter,Cfb,Temperate oceanic,Elsinore,Classroom,Naturally Ventilated,Mechanical Heating,19.0,0.0,1.0,no change,more,4.0,23.4,74.1,0.8,33.5,Database 2
143,Denmark,40.1,26998,Indoor Climate Survey at Esperg¾rde Gymnasium. Master thesis. Technical University of Denmark. Departmentof Civil Engineering. 2012.,Pedersen and Toftum,2012.0,Winter,Cfb,Temperate oceanic,Elsinore,Classroom,Naturally Ventilated,Mechanical Heating,17.0,1.0,1.0,no change,more,4.0,23.4,74.1,0.8,33.5,Database 2
144,Denmark,40.1,26999,Indoor Climate Survey at Esperg¾rde Gymnasium. Master thesis. Technical University of Denmark. Departmentof Civil Engineering. 2012.,Pedersen and Toftum,2012.0,Winter,Cfb,Temperate oceanic,Elsinore,Classroom,Naturally Ventilated,Mechanical Heating,18.0,1.0,1.0,cooler,more,3.0,23.4,74.1,0.8,33.5,Database 2
145,Denmark,40.1,27000,Indoor Climate Survey at Esperg¾rde Gymnasium. Master thesis. Technical University of Denmark. Departmentof Civil Engineering. 2012.,Pedersen and Toftum,2012.0,Winter,Cfb,Temperate oceanic,Elsinore,Classroom,Naturally Ventilated,Mechanical Heating,17.0,0.0,1.0,cooler,,3.0,23.4,74.1,0.8,33.5,Database 2
146,Denmark,40.1,27001,Indoor Climate Survey at Esperg¾rde Gymnasium. Master thesis. Technical University of Denmark. Departmentof Civil Engineering. 2012.,Pedersen and Toftum,2012.0,Winter,Cfb,Temperate oceanic,Elsinore,Classroom,Naturally Ventilated,Mechanical Heating,18.0,-2.0,0.0,cooler,more,3.0,23.4,74.1,0.8,33.5,Database 2
147,Denmark,40.1,27002,Indoor Climate Survey at Esperg¾rde Gymnasium. Master thesis. Technical University of Denmark. Departmentof Civil Engineering. 2012.,Pedersen and Toftum,2012.0,Winter,Cfb,Temperate oceanic,Elsinore,Classroom,Naturally Ventilated,Mechanical Heating,19.0,-1.0,1.0,no change,no change,4.0,23.4,74.1,0.8,33.5,Database 2
148,Denmark,40.1,27003,Indoor Climate Survey at Esperg¾rde Gymnasium. Master thesis. Technical University of Denmark. Departmentof Civil Engineering. 2012.,Pedersen and Toftum,2012.0,Winter,Cfb,Temperate oceanic,Elsinore,Classroom,Naturally Ventilated,Mechanical Heating,19.0,-2.0,1.0,warmer,more,3.0,23.4,74.1,0.8,33.5,Database 2
149,Denmark,40.1,27004,Indoor Climate Survey at Esperg¾rde Gymnasium. Master thesis. Technical University of Denmark. Departmentof Civil Engineering. 2012.,Pedersen and Toftum,2012.0,Winter,Cfb,Temperate oceanic,Elsinore,Classroom,Naturally Ventilated,Mechanical Heating,17.0,0.0,1.0,warmer,no change,4.0,23.4,74.1,0.8,33.5,Database 2
150,Denmark,40.5,27005,Indoor Climate Survey at Esperg¾rde Gymnasium. Master thesis. Technical University of Denmark. Departmentof Civil Engineering. 2012.,Pedersen and Toftum,2012.0,Winter,Cfb,Temperate oceanic,Elsinore,Classroom,Naturally Ventilated,Mechanical Heating,17.0,0.0,1.0,cooler,more,4.0,23.4,74.2,0.8,33.5,Database 2
151,Denmark,47.7,27006,Indoor Climate Survey at Esperg¾rde Gymnasium. Master thesis. Technical University of Denmark. Departmentof Civil Engineering. 2012.,Pedersen and Toftum,2012.0,Winter,Cfb,Temperate oceanic,Elsinore,Classroom,Naturally Ventilated,Mechanical Heating,19.0,0.0,1.0,no change,more,4.0,22.2,71.9,0.8,33.5,Database 2
152,Denmark,41.3,27007,Indoor Climate Survey at Esperg¾rde Gymnasium. Master thesis. Technical University of Denmark. Departmentof Civil Engineering. 2012.,Pedersen and Toftum,2012.0,Winter,Cfb,Temperate oceanic,Elsinore,Classroom,Naturally Ventilated,Mechanical Heating,19.0,0.0,1.0,no change,more,4.0,25.9,78.6,0.8,33.5,Database 2
153,Denmark,35.3,27008,Indoor Climate Survey at Esperg¾rde Gymnasium. Master thesis. Technical University of Denmark. Departmentof Civil Engineering. 2012.,Pedersen and Toftum,2012.0,Winter,Cfb,Temperate oceanic,Elsinore,Classroom,Naturally Ventilated,Mechanical Heating,20.0,-2.0,1.0,no change,no change,4.0,25.3,77.5,0.8,33.5,Database 2
154,Denmark,41.8,27009,Indoor Climate Survey at Esperg¾rde Gymnasium. Master thesis. Technical University of Denmark. Departmentof Civil Engineering. 2012.,Pedersen and Toftum,2012.0,Winter,Cfb,Temperate oceanic,Elsinore,Classroom,Naturally Ventilated,Mechanical Heating,17.0,-0.0,1.0,no change,more,4.0,24.2,75.6,0.8,33.5,Database 2
155,Denmark,40.4,27010,Indoor Climate Survey at Esperg¾rde Gymnasium. Master thesis. Technical University of Denmark. Departmentof Civil Engineering. 2012.,Pedersen and Toftum,2012.0,Winter,Cfb,Temperate oceanic,Elsinore,Classroom,Naturally Ventilated,Mechanical Heating,19.0,1.0,1.0,no change,more,4.0,22.8,73.0,0.8,33.5,Database 2
156,Denmark,41.0,27011,Indoor Climate Survey at Esperg¾rde Gymnasium. Master thesis. Technical University of Denmark. Departmentof Civil Engineering. 2012.,Pedersen and Toftum,2012.0,Winter,Cfb,Temperate oceanic,Elsinore,Classroom,Naturally Ventilated,Mechanical Heating,19.0,-2.0,0.0,warmer,no change,3.0,22.3,72.1,0.8,33.5,Database 2
157,Denmark,42.2,27012,Indoor Climate Survey at Esperg¾rde Gymnasium. Master thesis. Technical University of Denmark. Departmentof Civil Engineering. 2012.,Pedersen and Toftum,2012.0,Winter,Cfb,Temperate oceanic,Elsinore,Classroom,Naturally Ventilated,Mechanical Heating,17.0,1.0,1.0,cooler,more,4.0,24.3,75.8,0.8,33.5,Database 2
158,Denmark,42.4,27013,Indoor Climate Survey at Esperg¾rde Gymnasium. Master thesis. Technical University of Denmark. Departmentof Civil Engineering. 2012.,Pedersen and Toftum,2012.0,Winter,Cfb,Temperate oceanic,Elsinore,Classroom,Naturally Ventilated,Mechanical Heating,16.0,1.0,1.0,no change,more,4.0,24.4,75.9,0.8,33.5,Database 2
159,Denmark,41.2,27014,Indoor Climate Survey at Esperg¾rde Gymnasium. Master thesis. Technical University of Denmark. Departmentof Civil Engineering. 2012.,Pedersen and Toftum,2012.0,Winter,Cfb,Temperate oceanic,Elsinore,Classroom,Naturally Ventilated,Mechanical Heating,18.0,0.0,1.0,no change,more,4.0,23.0,73.4,0.8,33.5,Database 2
160,Denmark,40.5,27015,Indoor Climate Survey at Esperg¾rde Gymnasium. Master thesis. Technical University of Denmark. Departmentof Civil Engineering. 2012.,Pedersen and Toftum,2012.0,Winter,Cfb,Temperate oceanic,Elsinore,Classroom,Naturally Ventilated,Mechanical Heating,17.0,0.0,1.0,cooler,more,3.0,23.9,75.0,0.8,33.5,Database 2
161,Denmark,41.2,27016,Indoor Climate Survey at Esperg¾rde Gymnasium. Master thesis. Technical University of Denmark. Departmentof Civil Engineering. 2012.,Pedersen and Toftum,2012.0,Winter,Cfb,Temperate oceanic,Elsinore,Classroom,Naturally Ventilated,Mechanical Heating,47.0,-1.0,0.0,warmer,no change,3.0,21.9,71.4,0.8,33.5,Database 2
162,Denmark,37.5,27017,Indoor Climate Survey at Esperg¾rde Gymnasium. Master thesis. Technical University of Denmark. Departmentof Civil Engineering. 2012.,Pedersen and Toftum,2012.0,Winter,Cfb,Temperate oceanic,Elsinore,Classroom,Naturally Ventilated,Mechanical Heating,17.0,0.0,1.0,cooler,more,3.0,21.0,69.9,0.8,33.5,Database 2
163,Denmark,41.1,27018,Indoor Climate Survey at Esperg¾rde Gymnasium. Master thesis. Technical University of Denmark. Departmentof Civil Engineering. 2012.,Pedersen and Toftum,2012.0,Winter,Cfb,Temperate oceanic,Elsinore,Classroom,Naturally Ventilated,Mechanical Heating,19.0,0.0,1.0,warmer,more,3.0,23.8,74.8,0.8,33.5,Database 2
164,Denmark,37.5,27019,Indoor Climate Survey at Esperg¾rde Gymnasium. Master thesis. Technical University of Denmark. Departmentof Civil Engineering. 2012.,Pedersen and Toftum,2012.0,Winter,Cfb,Temperate oceanic,Elsinore,Classroom,Naturally Ventilated,Mechanical Heating,18.0,1.0,1.0,cooler,more,4.0,23.8,74.9,0.8,33.5,Database 2
165,Denmark,38.2,27020,Indoor Climate Survey at Esperg¾rde Gymnasium. Master thesis. Technical University of Denmark. Departmentof Civil Engineering. 2012.,Pedersen and Toftum,2012.0,Winter,Cfb,Temperate oceanic,Elsinore,Classroom,Naturally Ventilated,Mechanical Heating,18.0,,1.0,no change,more,4.0,26.2,79.1,0.8,33.5,Database 2
166,Denmark,43.2,27021,Indoor Climate Survey at Esperg¾rde Gymnasium. Master thesis. Technical University of Denmark. Departmentof Civil Engineering. 2012.,Pedersen and Toftum,2012.0,Winter,Cfb,Temperate oceanic,Elsinore,Classroom,Naturally Ventilated,Mechanical Heating,18.0,1.0,1.0,cooler,no change,4.0,23.3,73.9,0.8,33.5,Database 2
167,Denmark,43.2,27022,Indoor Climate Survey at Esperg¾rde Gymnasium. Master thesis. Technical University of Denmark. Departmentof Civil Engineering. 2012.,Pedersen and Toftum,2012.0,Winter,Cfb,Temperate oceanic,Elsinore,Classroom,Naturally Ventilated,Mechanical Heating,17.0,-1.0,1.0,no change,more,3.0,23.3,73.9,0.8,33.5,Database 2
168,Denmark,43.0,27023,Indoor Climate Survey at Esperg¾rde Gymnasium. Master thesis. Technical University of Denmark. Departmentof Civil Engineering. 2012.,Pedersen and Toftum,2012.0,Winter,Cfb,Temperate oceanic,Elsinore,Classroom,Naturally Ventilated,Mechanical Heating,18.0,-1.0,1.0,no change,no change,6.0,23.5,74.3,0.8,33.5,Database 2
169,Denmark,48.9,27024,Indoor Climate Survey at Esperg¾rde Gymnasium. Master thesis. Technical University of Denmark. Departmentof Civil Engineering. 2012.,Pedersen and Toftum,2012.0,Winter,Cfb,Temperate oceanic,Elsinore,Classroom,Naturally Ventilated,Mechanical Heating,17.0,,1.0,no change,more,4.0,21.9,71.4,0.8,33.5,Database 2
